title,price,rating,reviews,availability
Council Tool 3.5 lb Michigan Pattern Double Bit Axe with 36 Inch Straight Wooden Handle,$59.99,4.0 out of 5 stars,,In Stock
"Weaver Leather Arborist Full Length Double Bit Axe Guard, Tan",$32.16,4.7 out of 5 stars,,In Stock
"Weaver Leather Arborist Full Length Double Bit Axe Guard, Tan",$32.16,4.7 out of 5 stars,,In Stock
Lanksy Dual Grit Tool and Knife Sharpening Puck - LPUCK,$11.98,4.6 out of 5 stars,,In Stock
Lanksy Dual Grit Tool and Knife Sharpening Puck - LPUCK,$11.98,4.6 out of 5 stars,,In Stock
Gransfors Bruks Double Bit Throwing Axe,$349.00,5.0 out of 5 stars,,Only 3 left in stock - order soon.
Gransfors Bruks Double Bit Throwing Axe,$349.00,5.0 out of 5 stars,,Only 3 left in stock - order soon.
Gransfors Bruks Double Bit Throwing Axe,$349.00,5.0 out of 5 stars,,Only 3 left in stock - order soon.
Gransfors Bruks Double Bit Throwing Axe,$349.00,5.0 out of 5 stars,,Only 3 left in stock - order soon.
"SHINY CRAFTS | 40"" Handmade Double Head Berserker Axe, Large Norse Axe, Hand Forged Steel Axe,Double Blade Axe, Forest Axes Hewing Axe Broad Axe Hunting Axe Dane Axe (SCA-08)",$149.00,4.6 out of 5 stars,,Only 2 left in stock - order soon.
"SHINY CRAFTS | 40"" Handmade Double Head Berserker Axe, Large Norse Axe, Hand Forged Steel Axe,Double Blade Axe, Forest Axes Hewing Axe Broad Axe Hunting Axe Dane Axe (SCA-08)",$149.00,4.6 out of 5 stars,,Only 2 left in stock - order soon.
"SHINY CRAFTS | 40"" Handmade Double Head Berserker Axe, Large Norse Axe, Hand Forged Steel Axe,Double Blade Axe, Forest Axes Hewing Axe Broad Axe Hunting Axe Dane Axe (SCA-08)",$149.00,4.6 out of 5 stars,,Only 2 left in stock - order soon.
"SHINY CRAFTS | 40"" Handmade Double Head Berserker Axe, Large Norse Axe, Hand Forged Steel Axe,Double Blade Axe, Forest Axes Hewing Axe Broad Axe Hunting Axe Dane Axe (SCA-08)",$149.00,4.6 out of 5 stars,,Only 2 left in stock - order soon.
"13'' Camping Axe with Sheath, Hand Forged Hatchet Axe for Wood Chopping,Spling and Kindling, Brushcraft Axe for Outdoor Survival and Garden, Hickory Wood Handle",$54.99,4.9 out of 5 stars,,In Stock
"13'' Camping Axe with Sheath, Hand Forged Hatchet Axe for Wood Chopping,Spling and Kindling, Brushcraft Axe for Outdoor Survival and Garden, Hickory Wood Handle",$54.99,4.9 out of 5 stars,,In Stock
"13'' Camping Axe with Sheath, Hand Forged Hatchet Axe for Wood Chopping,Spling and Kindling, Brushcraft Axe for Outdoor Survival and Garden, Hickory Wood Handle",$54.99,4.9 out of 5 stars,,In Stock
"ROCKYGIANT 13'' Camping Axe with Sheath, Hand Forged Hatchet Axe for Wood Chopping,Spling and Kindling, Brushcraft Axe for Outdoor Survival and Garden, Hickory Wood Handle",$54.99,4.9 out of 5 stars,,In Stock
"SHINY CRAFTS-Axes Handmade Viking Axe Hatchet Norse Axe- 40"" Long Two-Handed Berserker Axe Forged Axe - Bearded Axe - with Sheath (VBA 08)",$149.00,4.6 out of 5 stars,,In Stock
"SHINY CRAFTS-Axes Handmade Viking Axe Hatchet Norse Axe- 40"" Long Two-Handed Berserker Axe Forged Axe - Bearded Axe - with Sheath (VBA 08)",$149.00,4.6 out of 5 stars,,In Stock
"SHINY CRAFTS-Axes Handmade Viking Axe Hatchet Norse Axe- 40"" Long Two-Handed Berserker Axe Forged Axe - Bearded Axe - with Sheath (VBA 08)",$149.00,4.6 out of 5 stars,,In Stock
"SHINY CRAFTS-Axes Handmade Viking Axe Hatchet Norse Axe- 40"" Long Two-Handed Berserker Axe Forged Axe - Bearded Axe - with Sheath (VBA 08)",$149.00,4.6 out of 5 stars,,In Stock
"TRUPER PU-3-1/2M 3 1/2 lb Pulaski Axe, 35"" Hickory Handle",$53.95,4.4 out of 5 stars,,In Stock
"TRUPER PU-3-1/2M 3 1/2 lb Pulaski Axe, 35"" Hickory Handle",$53.95,4.4 out of 5 stars,,In Stock
"TRUPER PU-3-1/2M 3 1/2 lb Pulaski Axe, 35"" Hickory Handle",$53.95,4.4 out of 5 stars,,In Stock
"TRUPER PU-3-1/2M 3 1/2 lb Pulaski Axe, 35"" Hickory Handle",$53.95,4.4 out of 5 stars,,In Stock
"TRUPER PU-3-1/2M 3 1/2 lb Pulaski Axe, 35"" Hickory Handle",$53.95,4.4 out of 5 stars,,In Stock
"Truper 30529 3-1/2-Pound 35-Inch Pulaski Axe, Hickory Handle",$47.99,4.1 out of 5 stars,,In Stock
"Truper 30529 3-1/2-Pound 35-Inch Pulaski Axe, Hickory Handle",$47.99,4.1 out of 5 stars,,In Stock
"Truper 30529 3-1/2-Pound 35-Inch Pulaski Axe, Hickory Handle",$47.99,4.1 out of 5 stars,,In Stock
"Truper 30529 3-1/2-Pound 35-Inch Pulaski Axe, Hickory Handle",$47.99,4.1 out of 5 stars,,In Stock
"LEXIVON V14 Camping Hatchet, 14-Inch Axe | Ergonomic TPR Grip, Lightweight Fiber-Glass Composite Handle | Protective Carrying Sheath Included (LX-V14)",$26.97,4.6 out of 5 stars,,In Stock
"LEXIVON V14 Camping Hatchet, 14-Inch Axe | Ergonomic TPR Grip, Lightweight Fiber-Glass Composite Handle | Protective Carrying Sheath Included (LX-V14)",$26.97,4.6 out of 5 stars,,In Stock
"LEXIVON V14 Camping Hatchet, 14-Inch Axe | Ergonomic TPR Grip, Lightweight Fiber-Glass Composite Handle | Protective Carrying Sheath Included (LX-V14)",$26.97,4.6 out of 5 stars,,In Stock
"LEXIVON V14 Camping Hatchet, 14-Inch Axe | Ergonomic TPR Grip, Lightweight Fiber-Glass Composite Handle | Protective Carrying Sheath Included (LX-V14)",$26.97,4.6 out of 5 stars,,In Stock
"Double Bit Axe Handle, Hickory, 36 in",$44.47,4.3 out of 5 stars,,In Stock
"Double Bit Axe Handle, Hickory, 36 in",$44.47,4.3 out of 5 stars,,In Stock
"Double Bit Axe Handle, Hickory, 36 in",$44.47,4.3 out of 5 stars,,In Stock
"Double Bit Axe Handle, Hickory, 36 in",$44.47,4.3 out of 5 stars,,In Stock
"Double Bit Axe Handle, Hickory, 36 in",$44.47,4.3 out of 5 stars,,In Stock
Marbles Outdoors Knives 700DB Double Bit Axe with American Hickory Handles,$35.75,3.7 out of 5 stars,,Only 5 left in stock - order soon.
Marbles Outdoors Knives 700DB Double Bit Axe with American Hickory Handles,$35.75,3.7 out of 5 stars,,Only 5 left in stock - order soon.
Outdoors Knives 700DB Double Bit Axe with American Hickory Handles,$35.75,3.7 out of 5 stars,,Only 5 left in stock - order soon.
Outdoors Knives 700DB Double Bit Axe with American Hickory Handles,$35.75,3.7 out of 5 stars,,Only 5 left in stock - order soon.
Gransfors Bruk Large Splitting Axe Collar Guard Model 442 - 5 pounds,$289.00,4.6 out of 5 stars,,Only 13 left in stock - order soon.
Gransfors Bruk Large Splitting Axe Collar Guard Model 442 - 5 pounds,$289.00,4.6 out of 5 stars,,Only 13 left in stock - order soon.
Gransfors Bruk Large Splitting Axe Collar Guard Model 442 - 5 pounds,$289.00,4.6 out of 5 stars,,Only 13 left in stock - order soon.
Gransfors Bruk Large Splitting Axe Collar Guard Model 442 - 5 pounds,$289.00,4.6 out of 5 stars,,Only 13 left in stock - order soon.
Council Tool 3.5 lb Michigan Pattern Double Bit Axe with 36 Inch Straight Wooden Handle,$59.99,4.0 out of 5 stars,,In Stock
"Council Tool SU35J36C 3.5 lb. Jersey Axe Sport Utility Finish - 36"" Curved Handle",$72.94,4.4 out of 5 stars,,Only 17 left in stock - order soon.
"Council Tool SU35J36C 3.5 lb. Jersey Axe Sport Utility Finish - 36"" Curved Handle",$72.94,4.4 out of 5 stars,,Only 17 left in stock - order soon.
Mintcraft PRO 33709 34476 DBL BIT FGL Michigan Axe,$46.75,5.0 out of 5 stars,,In stock
Mintcraft PRO 33709 34476 DBL BIT FGL Michigan Axe,$46.75,5.0 out of 5 stars,,In stock
Council Tool 5 lbs. SB Splitting Felling Axe; 28 in. Straight Wooden Handle,$79.95,4.8 out of 5 stars,,Only 4 left in stock - order soon.
Council Tool 5 lbs. SB Splitting Felling Axe; 28 in. Straight Wooden Handle,$79.95,4.8 out of 5 stars,,Only 4 left in stock - order soon.
Council Tool Jersey Classic With Forged Bevels 32 Inch Curved Wooden Handle Sport Utility Finish,$84.95,4.5 out of 5 stars,,Only 19 left in stock - order soon.
Council Tool Jersey Classic With Forged Bevels 32 Inch Curved Wooden Handle Sport Utility Finish,$84.95,4.5 out of 5 stars,,Only 19 left in stock - order soon.
"Council Tool Drake Off Road Tools 3.5 Lbs. Double Bit Classic Michigan Axe with 36"" Straight Hickory Handle",$105.29,4.0 out of 5 stars,,Only 10 left in stock - order soon.
"Council Tool Drake Off Road Tools 3.5 Lbs. Double Bit Classic Michigan Axe with 36"" Straight Hickory Handle",$105.29,4.0 out of 5 stars,,Only 10 left in stock - order soon.
Gransfors Bruks Double Bit Throwing Axe,$349.00,5.0 out of 5 stars,,Only 3 left in stock - order soon.
Gransfors Bruks Double Bit Throwing Axe,$349.00,5.0 out of 5 stars,,Only 3 left in stock - order soon.
Gransfors Bruks Double Bit Throwing Axe,$349.00,5.0 out of 5 stars,,Only 3 left in stock - order soon.
Gransfors Bruks Double Bit Throwing Axe,$349.00,5.0 out of 5 stars,,Only 3 left in stock - order soon.
"SHINY CRAFTS | 40"" Handmade Double Head Berserker Axe, Large Norse Axe, Hand Forged Steel Axe,Double Blade Axe, Forest Axes Hewing Axe Broad Axe Hunting Axe Dane Axe (SCA-08)",$149.00,4.6 out of 5 stars,,Only 2 left in stock - order soon.
"SHINY CRAFTS | 40"" Handmade Double Head Berserker Axe, Large Norse Axe, Hand Forged Steel Axe,Double Blade Axe, Forest Axes Hewing Axe Broad Axe Hunting Axe Dane Axe (SCA-08)",$149.00,4.6 out of 5 stars,,Only 2 left in stock - order soon.
"SHINY CRAFTS | 40"" Handmade Double Head Berserker Axe, Large Norse Axe, Hand Forged Steel Axe,Double Blade Axe, Forest Axes Hewing Axe Broad Axe Hunting Axe Dane Axe (SCA-08)",$149.00,4.6 out of 5 stars,,Only 2 left in stock - order soon.
"SHINY CRAFTS | 40"" Handmade Double Head Berserker Axe, Large Norse Axe, Hand Forged Steel Axe,Double Blade Axe, Forest Axes Hewing Axe Broad Axe Hunting Axe Dane Axe (SCA-08)",$149.00,4.6 out of 5 stars,,Only 2 left in stock - order soon.
"SHINY CRAFTS-Axes Handmade Viking Axe Hatchet Norse Axe- 40"" Long Two-Handed Berserker Axe Forged Axe - Bearded Axe - with Sheath (VBA 08)",$149.00,4.6 out of 5 stars,,In Stock
"SHINY CRAFTS-Axes Handmade Viking Axe Hatchet Norse Axe- 40"" Long Two-Handed Berserker Axe Forged Axe - Bearded Axe - with Sheath (VBA 08)",$149.00,4.6 out of 5 stars,,In Stock
"SHINY CRAFTS-Axes Handmade Viking Axe Hatchet Norse Axe- 40"" Long Two-Handed Berserker Axe Forged Axe - Bearded Axe - with Sheath (VBA 08)",$149.00,4.6 out of 5 stars,,In Stock
"SHINY CRAFTS-Axes Handmade Viking Axe Hatchet Norse Axe- 40"" Long Two-Handed Berserker Axe Forged Axe - Bearded Axe - with Sheath (VBA 08)",$149.00,4.6 out of 5 stars,,In Stock
Gransfors Bruk Large Splitting Axe Collar Guard Model 442 - 5 pounds,$289.00,4.6 out of 5 stars,,Only 13 left in stock - order soon.
Gransfors Bruk Large Splitting Axe Collar Guard Model 442 - 5 pounds,$289.00,4.6 out of 5 stars,,Only 13 left in stock - order soon.
Gransfors Bruk Large Splitting Axe Collar Guard Model 442 - 5 pounds,$289.00,4.6 out of 5 stars,,Only 13 left in stock - order soon.
Gransfors Bruk Large Splitting Axe Collar Guard Model 442 - 5 pounds,$289.00,4.6 out of 5 stars,,Only 13 left in stock - order soon.
"GRENPRO Wood Axe,Outdoor Camping Hatchet,with Anti-Slip and Shock Reduction Handle Outdoor Camp Hatchet Axes for Wood Splitting and Kindling Gifts for Dad, Men, Husband",$19.99,5.0 out of 5 stars,,In Stock
"GRENPRO Wood Axe,Outdoor Camping Hatchet,with Anti-Slip and Shock Reduction Handle Outdoor Camp Hatchet Axes for Wood Splitting and Kindling Gifts for Dad, Men, Husband",$19.99,5.0 out of 5 stars,,In Stock
"GRENPRO Wood Axe,Outdoor Camping Hatchet,with Anti-Slip and Shock Reduction Handle Outdoor Camp Hatchet Axes for Wood Splitting and Kindling Gifts for Dad, Men, Husband",$19.99,5.0 out of 5 stars,,In Stock
"GRENPRO Wood Axe,Outdoor Camping Hatchet,with Anti-Slip and Shock Reduction Handle Outdoor Camp Hatchet Axes for Wood Splitting and Kindling Gifts for Dad, Men, Husband",$19.99,5.0 out of 5 stars,,In Stock
"GRENPRO Wood Axe,Outdoor Camping Hatchet,with Anti-Slip and Shock Reduction Handle Outdoor Camp Hatchet Axes for Wood Splitting and Kindling Gifts for Dad, Men, Husband",$19.99,5.0 out of 5 stars,,In Stock
"Freelander Camping Axe Hatchet, 11'' Small Hand Axe, Walnut Wood Handle Splitting Axe with Sheath for Outdoor Forest Bushcraft Garden Survival Wood Carving Chopping Cutting",$45.99,4.3 out of 5 stars,,In Stock
"Freelander Camping Axe Hatchet, 11'' Small Hand Axe, Walnut Wood Handle Splitting Axe with Sheath for Outdoor Forest Bushcraft Garden Survival Wood Carving Chopping Cutting",$45.99,4.3 out of 5 stars,,In Stock
"Camping Axe Hatchet, 11'' Small Hand Axe, Walnut Wood Handle Splitting Axe with Sheath for Outdoor Forest Bushcraft Garden Survival Wood Carving Chopping Cutting",$45.99,4.3 out of 5 stars,,In Stock
"Freelander Camping Axe Hatchet, 11'' Small Hand Axe, Walnut Wood Handle Splitting Axe with Sheath for Outdoor Forest Bushcraft Garden Survival Wood Carving Chopping Cutting",$45.99,4.3 out of 5 stars,,In Stock
"Camping Axe Hatchet, 11'' Small Hand Axe, Walnut Wood Handle Splitting Axe with Sheath for Outdoor Forest Bushcraft Garden Survival Wood Carving Chopping Cutting",$45.99,4.3 out of 5 stars,,In Stock
"Bluedale Camping Hatchet Axe, 15” Wood Splitting Throwing Axe, Small Chopping Axe with Sheath and Wooden Handle, Bushcraft Hand Axe Tools for Hiking Camping Gardening Axes",$16.99,3.7 out of 5 stars,,In Stock
"Bluedale Camping Hatchet Axe, 15” Wood Splitting Throwing Axe, Small Chopping Axe with Sheath and Wooden Handle, Bushcraft Hand Axe Tools for Hiking Camping Gardening Axes",$16.99,3.7 out of 5 stars,,In Stock
"Camping Hatchet Axe, 15” Wood Splitting Throwing Axe, Small Chopping Axe with Sheath and Wooden Handle, Bushcraft Hand Axe Tools for Hiking Camping Gardening Axes",$16.99,3.7 out of 5 stars,,In Stock
"Camping Hatchet Axe, 15” Wood Splitting Throwing Axe, Small Chopping Axe with Sheath and Wooden Handle, Bushcraft Hand Axe Tools for Hiking Camping Gardening Axes",$16.99,3.7 out of 5 stars,,In Stock
"Bluedale Camping Hatchet Axe, 15” Wood Splitting Throwing Axe, Small Chopping Axe with Sheath and Wooden Handle, Bushcraft Hand Axe Tools for Hiking Camping Gardening Axes",$16.99,3.7 out of 5 stars,,In Stock
"TRUPER PU-3-1/2M 3 1/2 lb Pulaski Axe, 35"" Hickory Handle",$53.95,4.4 out of 5 stars,,In Stock
"TRUPER PU-3-1/2M 3 1/2 lb Pulaski Axe, 35"" Hickory Handle",$53.95,4.4 out of 5 stars,,In Stock
"TRUPER PU-3-1/2M 3 1/2 lb Pulaski Axe, 35"" Hickory Handle",$53.95,4.4 out of 5 stars,,In Stock
"TRUPER PU-3-1/2M 3 1/2 lb Pulaski Axe, 35"" Hickory Handle",$53.95,4.4 out of 5 stars,,In Stock
"TRUPER PU-3-1/2M 3 1/2 lb Pulaski Axe, 35"" Hickory Handle",$53.95,4.4 out of 5 stars,,In Stock
"13'' Camping Axe with Sheath, Hand Forged Hatchet Axe for Wood Chopping,Spling and Kindling, Brushcraft Axe for Outdoor Survival and Garden, Hickory Wood Handle",$54.99,4.9 out of 5 stars,,In Stock
"13'' Camping Axe with Sheath, Hand Forged Hatchet Axe for Wood Chopping,Spling and Kindling, Brushcraft Axe for Outdoor Survival and Garden, Hickory Wood Handle",$54.99,4.9 out of 5 stars,,In Stock
"13'' Camping Axe with Sheath, Hand Forged Hatchet Axe for Wood Chopping,Spling and Kindling, Brushcraft Axe for Outdoor Survival and Garden, Hickory Wood Handle",$54.99,4.9 out of 5 stars,,In Stock
"ROCKYGIANT 13'' Camping Axe with Sheath, Hand Forged Hatchet Axe for Wood Chopping,Spling and Kindling, Brushcraft Axe for Outdoor Survival and Garden, Hickory Wood Handle",$54.99,4.9 out of 5 stars,,In Stock
"Truper 30529 3-1/2-Pound 35-Inch Pulaski Axe, Hickory Handle",$47.99,4.1 out of 5 stars,,In Stock
"Truper 30529 3-1/2-Pound 35-Inch Pulaski Axe, Hickory Handle",$47.99,4.1 out of 5 stars,,In Stock
"Truper 30529 3-1/2-Pound 35-Inch Pulaski Axe, Hickory Handle",$47.99,4.1 out of 5 stars,,In Stock
"Truper 30529 3-1/2-Pound 35-Inch Pulaski Axe, Hickory Handle",$47.99,4.1 out of 5 stars,,In Stock
